-- MariaDB dump 10.19  Distrib 10.8.3-MariaDB, for Linux (x86_64)
--
-- Host: 127.0.0.1    Database: payroll
-- ------------------------------------------------------
-- Server version	10.8.3-MariaDB

/*!40101 SET @OLD_CHARACTER_SET_CLIENT=@@CHARACTER_SET_CLIENT */;
/*!40101 SET @OLD_CHARACTER_SET_RESULTS=@@CHARACTER_SET_RESULTS */;
/*!40101 SET @OLD_COLLATION_CONNECTION=@@COLLATION_CONNECTION */;
/*!40101 SET NAMES utf8 */;
/*!40103 SET @OLD_TIME_ZONE=@@TIME_ZONE */;
/*!40103 SET TIME_ZONE='+00:00' */;
/*!40014 SET @OLD_UNIQUE_CHECKS=@@UNIQUE_CHECKS, UNIQUE_CHECKS=0 */;
/*!40014 SET @OLD_FOREIGN_KEY_CHECKS=@@FOREIGN_KEY_CHECKS, FOREIGN_KEY_CHECKS=0 */;
/*!40101 SET @OLD_SQL_MODE=@@SQL_MODE, SQL_MODE='NO_AUTO_VALUE_ON_ZERO' */;
/*!40111 SET @OLD_SQL_NOTES=@@SQL_NOTES, SQL_NOTES=0 */;

--
-- Table structure for table `allowances`
--

DROP TABLE IF EXISTS `allowances`;
/*!40101 SET @saved_cs_client     = @@character_set_client */;
/*!40101 SET character_set_client = utf8 */;
CREATE TABLE `allowances` (
  `id` bigint(20) NOT NULL AUTO_INCREMENT,
  `created_on` datetime(6) DEFAULT NULL,
  `updated_on` datetime(6) DEFAULT NULL,
  `allowance_amount` decimal(19,2) NOT NULL,
  `allowance_name` varchar(255) COLLATE utf8mb4_unicode_ci DEFAULT NULL,
  PRIMARY KEY (`id`)
) ENGINE=InnoDB AUTO_INCREMENT=143 DEFAULT CHARSET=utf8mb4 COLLATE=utf8mb4_unicode_ci;
/*!40101 SET character_set_client = @saved_cs_client */;

--
-- Dumping data for table `allowances`
--

LOCK TABLES `allowances` WRITE;
/*!40000 ALTER TABLE `allowances` DISABLE KEYS */;
INSERT INTO `allowances` VALUES
(1,'2022-06-25 20:59:44.290350',NULL,1872922440.47,'Over Time'),
(2,'2022-06-25 20:59:44.291946',NULL,480776797.00,'Over Time'),
(3,'2022-06-25 20:59:44.293067',NULL,638130965.86,'Over Time'),
(4,'2022-06-25 20:59:44.385269',NULL,922421657.40,'Over Time'),
(5,'2022-06-25 20:59:44.387267',NULL,1514908404.05,'Over Time'),
(6,'2022-06-25 20:59:44.487887',NULL,2045593572.27,'Over Time'),
(7,'2022-06-25 20:59:44.489300',NULL,624060825.16,'Over Time'),
(8,'2022-06-25 20:59:44.490399',NULL,979775607.35,'Over Time'),
(9,'2022-06-25 20:59:44.542285',NULL,1733505937.13,'Over Time'),
(10,'2022-06-25 20:59:44.543243',NULL,1375557344.16,'Over Time'),
(11,'2022-06-25 20:59:44.656995',NULL,2336112830.51,'Over Time'),
(12,'2022-06-25 20:59:44.732045',NULL,1729385521.60,'Over Time'),
(13,'2022-06-25 20:59:44.733211',NULL,2406020272.47,'Over Time'),
(14,'2022-06-25 20:59:44.734127',NULL,1624864120.31,'Over Time'),
(15,'2022-06-25 20:59:44.801450',NULL,410309512.11,'Over Time'),
(16,'2022-06-25 20:59:44.802575',NULL,340031388.29,'Over Time'),
(17,'2022-06-25 20:59:44.867474',NULL,1540393095.09,'Over Time'),
(18,'2022-06-25 20:59:44.986641',NULL,929256603.65,'Over Time'),
(19,'2022-06-25 20:59:44.987332',NULL,914918624.69,'Over Time'),
(20,'2022-06-25 20:59:44.987907',NULL,1683370668.99,'Over Time'),
(21,'2022-06-25 20:59:45.208289',NULL,1626820794.09,'Over Time'),
(22,'2022-06-25 20:59:45.209630',NULL,1005522583.50,'Over Time'),
(23,'2022-06-25 20:59:45.282520',NULL,712987291.65,'Over Time'),
(24,'2022-06-25 20:59:45.283444',NULL,1724026432.41,'Over Time'),
(25,'2022-06-25 20:59:45.355914',NULL,751090063.62,'Over Time'),
(26,'2022-06-25 20:59:45.412207',NULL,1366871408.32,'Over Time'),
(27,'2022-06-25 20:59:45.413419',NULL,906750781.27,'Over Time'),
(28,'2022-06-25 20:59:45.414450',NULL,1718914686.73,'Over Time'),
(29,'2022-06-25 20:59:45.520350',NULL,1835095842.52,'Over Time'),
(30,'2022-06-25 20:59:45.520951',NULL,611147151.28,'Over Time'),
(31,'2022-06-25 20:59:45.521508',NULL,831919416.58,'Over Time'),
(32,'2022-06-25 20:59:45.647537',NULL,248878103.35,'Over Time'),
(33,'2022-06-25 20:59:45.703605',NULL,2056868338.36,'Over Time'),
(34,'2022-06-25 20:59:45.759957',NULL,2106591426.60,'Over Time'),
(35,'2022-06-25 20:59:45.760538',NULL,1130962781.50,'Over Time'),
(36,'2022-06-25 20:59:45.840633',NULL,1779166224.20,'Over Time'),
(37,'2022-06-25 20:59:46.018201',NULL,1473282334.52,'Over Time'),
(38,'2022-06-25 20:59:46.020078',NULL,1395930967.98,'Over Time'),
(39,'2022-06-25 20:59:46.021509',NULL,61705043.22,'Over Time'),
(40,'2022-06-25 20:59:46.068645',NULL,1767836291.29,'Over Time'),
(41,'2022-06-25 20:59:46.069177',NULL,1285954263.57,'Over Time'),
(42,'2022-06-25 20:59:46.069775',NULL,1891887501.03,'Over Time'),
(43,'2022-06-25 20:59:46.108198',NULL,1300746111.73,'Over Time'),
(44,'2022-06-25 20:59:46.109456',NULL,1339088867.50,'Over Time'),
(45,'2022-06-25 20:59:46.110659',NULL,1306425143.10,'Over Time'),
(46,'2022-06-25 20:59:46.174961',NULL,296445528.81,'Over Time'),
(47,'2022-06-25 20:59:46.176346',NULL,878078747.33,'Over Time'),
(48,'2022-06-25 20:59:46.177626',NULL,1546012980.92,'Over Time'),
(49,'2022-06-25 20:59:46.437723',NULL,166056919.72,'Over Time'),
(50,'2022-06-25 20:59:46.439369',NULL,62040720.52,'Over Time'),
(51,'2022-06-25 20:59:46.668893',NULL,901163918.60,'Over Time'),
(52,'2022-06-25 20:59:46.669346',NULL,1125534915.54,'Over Time'),
(53,'2022-06-25 20:59:46.711435',NULL,1410279407.92,'Over Time'),
(54,'2022-06-25 20:59:46.801040',NULL,662186072.74,'Over Time'),
(55,'2022-06-25 20:59:46.801711',NULL,884506646.76,'Over Time'),
(56,'2022-06-25 20:59:46.873243',NULL,1279123985.72,'Over Time'),
(57,'2022-06-25 20:59:46.874585',NULL,1495712199.90,'Over Time'),
(58,'2022-06-25 20:59:46.951167',NULL,758426852.13,'Over Time'),
(59,'2022-06-25 20:59:46.951830',NULL,1016872402.30,'Over Time'),
(60,'2022-06-25 20:59:47.055893',NULL,862556843.09,'Over Time'),
(61,'2022-06-25 20:59:47.092393',NULL,839461543.96,'Over Time'),
(62,'2022-06-25 20:59:47.241501',NULL,758912035.31,'Over Time'),
(63,'2022-06-25 20:59:47.242829',NULL,319732621.13,'Over Time'),
(64,'2022-06-25 20:59:47.244277',NULL,437604450.36,'Over Time'),
(65,'2022-06-25 20:59:47.542281',NULL,131922123.72,'Over Time'),
(66,'2022-06-25 20:59:47.656877',NULL,1136416561.97,'Over Time'),
(67,'2022-06-25 20:59:47.658169',NULL,821597627.45,'Over Time'),
(68,'2022-06-25 20:59:47.659366',NULL,479061238.22,'Over Time'),
(69,'2022-06-25 20:59:47.718966',NULL,1975571347.36,'Over Time'),
(70,'2022-06-25 20:59:47.772266',NULL,1145504707.01,'Over Time'),
(71,'2022-06-25 20:59:47.813652',NULL,1374949103.49,'Over Time'),
(72,'2022-06-25 20:59:47.879027',NULL,42978071.38,'Over Time'),
(73,'2022-06-25 20:59:47.879999',NULL,1129357444.29,'Over Time'),
(74,'2022-06-25 20:59:47.955039',NULL,519372125.37,'Over Time'),
(75,'2022-06-25 20:59:47.955539',NULL,1005041037.29,'Over Time'),
(76,'2022-06-25 20:59:47.956093',NULL,679377837.34,'Over Time'),
(77,'2022-06-25 20:59:48.002631',NULL,71021267.38,'Over Time'),
(78,'2022-06-25 20:59:48.003100',NULL,675679379.05,'Over Time'),
(79,'2022-06-25 20:59:48.003494',NULL,1557857085.42,'Over Time'),
(80,'2022-06-25 20:59:48.062838',NULL,1466006142.67,'Over Time'),
(81,'2022-06-25 20:59:48.064262',NULL,2060749931.25,'Over Time'),
(82,'2022-06-25 20:59:48.065549',NULL,2110227908.61,'Over Time'),
(83,'2022-06-25 20:59:48.168232',NULL,1245307222.22,'Over Time'),
(84,'2022-06-25 20:59:48.168745',NULL,280721473.34,'Over Time'),
(85,'2022-06-25 20:59:48.205402',NULL,1418825377.93,'Over Time'),
(86,'2022-06-25 20:59:48.205852',NULL,2469818127.58,'Over Time'),
(87,'2022-06-25 20:59:48.318364',NULL,1005783331.49,'Over Time'),
(88,'2022-06-25 20:59:48.318831',NULL,1095455791.91,'Over Time'),
(89,'2022-06-25 20:59:48.319229',NULL,1646867306.26,'Over Time'),
(90,'2022-06-25 20:59:48.392148',NULL,487853843.11,'Over Time'),
(91,'2022-06-25 20:59:48.392538',NULL,1013201425.61,'Over Time'),
(92,'2022-06-25 20:59:48.491119',NULL,1642523909.93,'Over Time'),
(93,'2022-06-25 20:59:48.492895',NULL,35810173.59,'Over Time'),
(94,'2022-06-25 20:59:48.571936',NULL,1082373931.13,'Over Time'),
(95,'2022-06-25 20:59:48.572414',NULL,2373573876.03,'Over Time'),
(96,'2022-06-25 20:59:48.644028',NULL,4555255.99,'Over Time'),
(97,'2022-06-25 20:59:48.645241',NULL,1747556891.02,'Over Time'),
(98,'2022-06-25 20:59:48.708760',NULL,840908896.55,'Over Time'),
(99,'2022-06-25 20:59:48.709568',NULL,913101354.63,'Over Time'),
(100,'2022-06-25 20:59:48.710443',NULL,190267559.72,'Over Time'),
(101,'2022-06-25 20:59:48.765574',NULL,893746435.15,'Over Time'),
(102,'2022-06-25 20:59:48.766005',NULL,404497576.34,'Over Time'),
(103,'2022-06-25 20:59:48.819006',NULL,1516438691.20,'Over Time'),
(104,'2022-06-25 20:59:48.819508',NULL,1963217973.28,'Over Time'),
(105,'2022-06-25 20:59:48.876047',NULL,905339998.32,'Over Time'),
(106,'2022-06-25 20:59:48.877160',NULL,578130501.78,'Over Time'),
(107,'2022-06-25 20:59:48.878202',NULL,399397745.38,'Over Time'),
(108,'2022-06-25 20:59:48.931850',NULL,1662278517.59,'Over Time'),
(109,'2022-06-25 20:59:48.932295',NULL,1673276214.16,'Over Time'),
(110,'2022-06-25 20:59:48.980108',NULL,1093253605.50,'Over Time'),
(111,'2022-06-25 20:59:49.025373',NULL,457966806.20,'Over Time'),
(112,'2022-06-25 20:59:49.025803',NULL,408040182.31,'Over Time'),
(113,'2022-06-25 20:59:49.026111',NULL,1618133149.94,'Over Time'),
(114,'2022-06-25 20:59:49.077362',NULL,1357388357.13,'Over Time'),
(115,'2022-06-25 20:59:49.078400',NULL,751728254.17,'Over Time'),
(116,'2022-06-25 20:59:49.079372',NULL,709282520.26,'Over Time'),
(117,'2022-06-25 20:59:49.112935',NULL,445360480.91,'Over Time'),
(118,'2022-06-25 20:59:49.291699',NULL,1236795437.98,'Over Time'),
(119,'2022-06-25 20:59:49.292474',NULL,2090684552.14,'Over Time'),
(120,'2022-06-25 20:59:49.293270',NULL,1555235189.74,'Over Time'),
(121,'2022-06-25 20:59:49.337383',NULL,521384800.11,'Over Time'),
(122,'2022-06-25 20:59:49.337837',NULL,106833227.14,'Over Time'),
(123,'2022-06-25 20:59:49.382108',NULL,833031791.06,'Over Time'),
(124,'2022-06-25 20:59:49.382729',NULL,616182272.96,'Over Time'),
(125,'2022-06-25 20:59:49.437367',NULL,136593036.46,'Over Time'),
(126,'2022-06-25 20:59:49.470936',NULL,662894024.39,'Over Time'),
(127,'2022-06-25 20:59:49.628318',NULL,1316270972.60,'Over Time'),
(128,'2022-06-25 20:59:49.665623',NULL,648172501.40,'Over Time'),
(129,'2022-06-25 20:59:49.666100',NULL,25447339.14,'Over Time'),
(130,'2022-06-25 20:59:49.705405',NULL,264816908.73,'Over Time'),
(131,'2022-06-25 20:59:49.705734',NULL,401997551.65,'Over Time'),
(132,'2022-06-25 20:59:49.706043',NULL,77379429.99,'Over Time'),
(133,'2022-06-25 20:59:49.804029',NULL,85427914.16,'Over Time'),
(134,'2022-06-25 20:59:49.804776',NULL,1328343036.05,'Over Time'),
(135,'2022-06-25 20:59:49.807190',NULL,839100304.29,'Over Time'),
(136,'2022-06-25 20:59:49.975866',NULL,781237423.99,'Over Time'),
(137,'2022-06-25 20:59:50.091461',NULL,1196759871.65,'Over Time'),
(138,'2022-06-25 20:59:50.092536',NULL,925700037.45,'Over Time'),
(139,'2022-06-25 20:59:50.142794',NULL,1672185311.61,'Over Time'),
(140,'2022-06-25 20:59:50.179696',NULL,260215666.61,'Over Time'),
(141,'2022-06-25 20:59:50.258213',NULL,942105870.41,'Over Time'),
(142,'2022-06-25 20:59:50.259125',NULL,2004155409.20,'Over Time');
/*!40000 ALTER TABLE `allowances` ENABLE KEYS */;
UNLOCK TABLES;

--
-- Table structure for table `departments`
--

DROP TABLE IF EXISTS `departments`;
/*!40101 SET @saved_cs_client     = @@character_set_client */;
/*!40101 SET character_set_client = utf8 */;
CREATE TABLE `departments` (
  `id` bigint(20) NOT NULL AUTO_INCREMENT,
  `name` varchar(255) COLLATE utf8mb4_unicode_ci DEFAULT NULL,
  `created_on` datetime(6) DEFAULT NULL,
  `email` varchar(255) COLLATE utf8mb4_unicode_ci DEFAULT NULL,
  `updated_on` datetime(6) DEFAULT NULL,
  PRIMARY KEY (`id`)
) ENGINE=InnoDB AUTO_INCREMENT=10 DEFAULT CHARSET=utf8mb4 COLLATE=utf8mb4_unicode_ci;
/*!40101 SET character_set_client = @saved_cs_client */;

--
-- Dumping data for table `departments`
--

LOCK TABLES `departments` WRITE;
/*!40000 ALTER TABLE `departments` DISABLE KEYS */;
INSERT INTO `departments` VALUES
(1,'IOS Developer','2013-04-19 00:00:00.000000','ios@payroll.com','2021-08-19 00:00:00.000000'),
(2,'Markrting','2012-02-17 00:00:00.000000','markting@payroll.com','2021-07-17 00:00:00.000000'),
(3,'Selling','2013-01-15 00:00:00.000000','selling@payroll.com','2020-04-05 00:00:00.000000'),
(4,'HR','2011-04-19 00:00:00.000000','hr@payroll.com','2019-04-28 00:00:00.000000'),
(5,'Android Developer','2013-02-19 00:00:00.000000','andriod-dev@payroll.com','2022-02-25 00:00:00.000000'),
(6,'OS Developer','2013-02-17 00:00:00.000000','os-dev@payroll.com','2018-08-17 00:00:00.000000'),
(7,'Account','2014-04-19 00:00:00.000000','account@payroll.com','2017-07-04 00:00:00.000000'),
(8,'PHP Developer','2011-04-19 00:00:00.000000','php-dev@payroll.com','2018-01-18 00:00:00.000000'),
(9,'.Net Developer','2011-04-19 00:00:00.000000','dotnet-dev@payroll.com','2019-11-19 00:00:00.000000');
/*!40000 ALTER TABLE `departments` ENABLE KEYS */;
UNLOCK TABLES;

--
-- Table structure for table `employees`
--

DROP TABLE IF EXISTS `employees`;
/*!40101 SET @saved_cs_client     = @@character_set_client */;
/*!40101 SET character_set_client = utf8 */;
CREATE TABLE `employees` (
  `id` bigint(20) NOT NULL AUTO_INCREMENT,
  `ssn` varchar(255) COLLATE utf8mb4_unicode_ci NOT NULL,
  `full_name` varchar(128) COLLATE utf8mb4_unicode_ci DEFAULT NULL,
  `date_of_birth` date NOT NULL,
  `age` int(11) NOT NULL,
  `email` varchar(255) COLLATE utf8mb4_unicode_ci DEFAULT NULL,
  `basic_salary` decimal(19,2) NOT NULL,
  `employment_type` varchar(255) COLLATE utf8mb4_unicode_ci DEFAULT NULL,
  `hired_date` date NOT NULL,
  `street_address` varchar(255) COLLATE utf8mb4_unicode_ci DEFAULT NULL,
  `city` varchar(255) COLLATE utf8mb4_unicode_ci DEFAULT NULL,
  `state` varchar(255) COLLATE utf8mb4_unicode_ci DEFAULT NULL,
  `country` varchar(255) COLLATE utf8mb4_unicode_ci DEFAULT NULL,
  `zip_code` varchar(255) COLLATE utf8mb4_unicode_ci DEFAULT NULL,
  `phone` varchar(255) COLLATE utf8mb4_unicode_ci DEFAULT NULL,
  `current_payslip_id` bigint(20) DEFAULT NULL,
  `department_id` bigint(20) DEFAULT NULL,
  `supervisor_id` bigint(20) DEFAULT NULL,
  `created_on` datetime(6) DEFAULT NULL,
  `updated_on` datetime(6) DEFAULT NULL,
  PRIMARY KEY (`id`),
  UNIQUE KEY `UK_n45yiwe93nks8a88teevsl0er` (`ssn`),
  KEY `FKcwr71f7tw1hqnntyqn7hdxeur` (`current_payslip_id`),
  KEY `FKgy4qe3dnqrm3ktd76sxp7n4c2` (`department_id`),
  KEY `FK2q9drrvhye5m5ivk5h6re2b4i` (`supervisor_id`),
  CONSTRAINT `FK2q9drrvhye5m5ivk5h6re2b4i` FOREIGN KEY (`supervisor_id`) REFERENCES `employees` (`id`),
  CONSTRAINT `FKcwr71f7tw1hqnntyqn7hdxeur` FOREIGN KEY (`current_payslip_id`) REFERENCES `payslips` (`id`),
  CONSTRAINT `FKgy4qe3dnqrm3ktd76sxp7n4c2` FOREIGN KEY (`department_id`) REFERENCES `departments` (`id`)
) ENGINE=InnoDB AUTO_INCREMENT=106 DEFAULT CHARSET=utf8mb4 COLLATE=utf8mb4_unicode_ci;
/*!40101 SET character_set_client = @saved_cs_client */;

--
-- Dumping data for table `employees`
--

LOCK TABLES `employees` WRITE;
/*!40000 ALTER TABLE `employees` DISABLE KEYS */;
INSERT INTO `employees` VALUES
(1,'175754717','Florence Daniel','1998-03-15',24,'Florence_Daniel1747585018@outlook.com',3378295042.29,'PART_TIME','2019-07-14','2462 Formula Lane','Philadelphia','Pennsylvania','United Kingdom','8J9U 4CN','933 367 151',1,1,NULL,'2022-06-25 20:59:44.078272','2022-06-25 20:59:44.185168'),
(2,'712894422','Frank Cecil','1992-09-24',29,'Frank.Cecil1196451420@cox.com',2879451590.45,'PART_TIME','2019-08-04','6322 Little Acres Lane','Philadelphia','Michigan','United Kingdom','Z5CL B2G','458 181 179',2,1,NULL,'2022-06-25 20:59:44.220666','2022-06-25 20:59:44.272568'),
(3,'716539104','Anna Richard','1986-03-22',36,'Anna.Richard1935783663@outlook.com',2139905579.62,'CASUAL','2014-11-07','5440 Michigan Avenue','Downers Grove','Aldridge','United Kingdom','YSJ5 3XP','154 885 169',3,4,63,'2022-06-25 20:59:44.287800','2022-06-25 21:00:41.149775'),
(4,'400610147','William Leo','1991-07-17',30,'William.Leo1869736274@gmail.com',2077207336.09,'CONTRACT','2014-06-17','3237 Lang Avenue','Alexandria','Texas','United Kingdom','E4DY XIQ','777 864 090',4,4,63,'2022-06-25 20:59:44.380650','2022-06-25 21:00:41.151455'),
(5,'120077330','Charles Hugh','1995-10-10',26,'Charles.Hugh520674706@rxdoc.biz',4606996565.84,'CASUAL','2013-06-03','59 Golf Course Drive','Downers Grove','Pennsylvania','United Kingdom','OELN KYN','262 748 256',5,1,NULL,'2022-06-25 20:59:44.485474','2022-06-25 20:59:44.522414'),
(6,'418989720','Tom Edgar','1999-05-27',23,'Tom.Edgar161286763@yahoo.com',5295401892.88,'CASUAL','2017-10-02','5341 Trymore Road','Boca Raton','Aldridge','United Kingdom','JG8M 68K','565 682 384',6,2,NULL,'2022-06-25 20:59:44.539418','2022-06-25 20:59:44.585621'),
(7,'210074931','Arthur Richard','1986-04-13',36,'Arthur_Richard1868895829@gmx.com',2547237368.05,'FULL_TIME','2017-02-20','6902 Oak Drive','Metairie','Aldridge','United Kingdom','S6PX 3AD','722 443 655',7,5,94,'2022-06-25 20:59:44.600532','2022-06-25 21:00:41.151817'),
(8,'891604590','Clara Edgar','1987-01-28',35,'ClaraEdgar979307215@freeservers.com',2104871540.57,'FULL_TIME','2016-07-09','1055 Ashton Lane','Alexandria','Alveley','United Kingdom','OH49 VM5','772 597 382',8,2,6,'2022-06-25 20:59:44.653926','2022-06-25 21:00:41.152034'),
(9,'647071169','Fred Elmer','1989-02-13',33,'Fred.Elmer646348210@hitmail.com',2442363481.05,'FULL_TIME','2020-08-01','3093 Oak Drive','Harleigh','Aldford','United Kingdom','LDGE LHE','465 930 437',9,3,63,'2022-06-25 20:59:44.729361','2022-06-25 21:00:41.152256'),
(10,'370709638','William Oscar','1993-10-20',28,'William.Oscar1838417745@cox.com',1194520904.42,'PART_TIME','2017-10-26','8688 Little Acres Lane','Harleigh','Michigan','United Kingdom','RVQC ZIR','865 064 791',10,7,59,'2022-06-25 20:59:44.798471','2022-06-25 21:00:41.152464'),
(11,'062198788','Joe Lloyd','1993-04-01',29,'Joe.Lloyd1926597415@yandex.com',2733411929.03,'PART_TIME','2019-10-19','8724 Trymore Road','Grand Forks','Texas','United Kingdom','S8E8 JP7','523 846 534',11,3,6,'2022-06-25 20:59:44.865239','2022-06-25 21:00:41.152670'),
(12,'755580681','Arthur Cecil','1990-06-17',32,'ArthurCecil1953439963@outlook.com',1858583299.50,'CASUAL','2015-08-22','3955 Cheshire Road','Philadelphia','Texas','United Kingdom','PGWR J5S','165 957 601',12,2,59,'2022-06-25 20:59:44.936332','2022-06-25 21:00:41.152869'),
(13,'497934524','Ethel Oscar','1987-04-18',35,'Ethel.Oscar333282068@gmail.com',4382520867.47,'PART_TIME','2013-01-01','7405 Ashton Lane','Metairie','Amersham','United Kingdom','7VPJ KYU','192 790 918',13,5,NULL,'2022-06-25 20:59:44.984954','2022-06-25 20:59:45.030024'),
(14,'234950379','William Leroy','1996-06-29',25,'William_Leroy1969460496@hotmail.com',2619678619.40,'PART_TIME','2014-03-08','4215 Trymore Road','Metairie','Michigan','United Kingdom','IDVY A01','049 176 694',14,6,94,'2022-06-25 20:59:45.153967','2022-06-25 21:00:41.153173'),
(15,'219928784','Thomas Oscar','1990-02-12',32,'Thomas.Oscar638858139@hitmail.com',2813034488.94,'FULL_TIME','2018-12-18','3392 Lang Avenue','Boca Raton','Pennsylvania','United Kingdom','1M1E W3R','479 551 095',15,4,NULL,'2022-06-25 20:59:45.205399','2022-06-25 20:59:45.251246'),
(16,'217758005','Fred Ben','1987-06-11',35,'Fred.Ben230387808@freeservers.com',2690562203.82,'CONTRACT','2015-11-18','1486 Trymore Road','Philadelphia','Amersham','United Kingdom','M4EV O5P','622 785 941',16,6,NULL,'2022-06-25 20:59:45.278459','2022-06-25 20:59:45.335180'),
(17,'008236618','Minnie Chester','1987-11-08',34,'Minnie_Chester738775730@cox.com',1846122091.82,'CONTRACT','2013-03-10','4983 Lang Avenue','Metairie','Michigan','United Kingdom','IMKS A6Y','240 091 210',17,4,6,'2022-06-25 20:59:45.353184','2022-06-25 21:00:41.153556'),
(18,'543944167','Emma Oscar','1986-07-17',35,'EmmaOscar334387715@cox.com',2999724678.10,'PART_TIME','2013-01-15','4977 Little Acres Lane','Alexandria','Texas','United Kingdom','2X8O SR3','580 240 826',18,1,NULL,'2022-06-25 20:59:45.408921','2022-06-25 20:59:45.447151'),
(19,'534304004','Louis Will','1998-08-16',23,'Louis_Will1623616379@hotmail.com',2320923749.07,'CASUAL','2021-06-20','7242 Formula Lane','Metairie','Alveley','United Kingdom','K8IY 7A7','021 673 242',19,1,59,'2022-06-25 20:59:45.462971','2022-06-25 21:00:41.153858'),
(20,'630327773','Harry Kenneth','1992-08-14',29,'HarryKenneth1225231210@gmail.com',3921909809.74,'CONTRACT','2018-01-02','4926 Lang Avenue','Grand Forks','Michigan','United Kingdom','938M MFS','195 737 844',20,1,59,'2022-06-25 20:59:45.518778','2022-06-25 21:00:41.154083'),
(21,'531056476','Annie Homer','1988-07-08',33,'Annie_Homer986839505@cox.com',2682683245.04,'FULL_TIME','2019-02-04','949 Ashton Lane','Harleigh','Aldford','United Kingdom','V1MW 0WL','242 997 682',21,4,NULL,'2022-06-25 20:59:45.576170','2022-06-25 20:59:45.616679'),
(22,'543220807','Walter Charlie','1993-07-20',28,'WalterCharlie607391026@126.com',3114775647.76,'CASUAL','2013-10-03','6107 Trymore Road','Harleigh','Michigan','United Kingdom','Z9FW LWD','889 762 224',22,7,63,'2022-06-25 20:59:45.643631','2022-06-25 21:00:41.154363'),
(23,'514931409','Mabel Hugh','1991-04-24',31,'Mabel.Hugh690197859@findhere.com',2146688051.80,'CASUAL','2019-12-19','3446 Lang Avenue','Boca Raton','Michigan','United Kingdom','KSDB OQD','610 564 474',23,4,94,'2022-06-25 20:59:45.702205','2022-06-25 21:00:41.154534'),
(24,'429165586','Mabel Lewis','1997-06-25',25,'Mabel_Lewis1847676046@gmx.com',2673018867.48,'PART_TIME','2013-07-20','5785 Michigan Avenue','Northville','Aldridge','United Kingdom','1GE9 O4Q','288 895 698',24,3,NULL,'2022-06-25 20:59:45.758546','2022-06-25 20:59:45.814850'),
(25,'101079865','Samuel Jessie','1986-10-12',35,'SamuelJessie1963763615@outlook.com',2083864664.09,'CASUAL','2020-10-11','8070 Trymore Road','Boca Raton','Amersham','United Kingdom','MIZK Z37','236 785 206',25,6,NULL,'2022-06-25 20:59:45.835550','2022-06-25 20:59:45.870919'),
(26,'346829741','Ethel Edgar','1998-01-18',24,'Ethel_Edgar16176643@comast.net',3446542143.57,'CONTRACT','2021-06-11','2500 Ashton Lane','Grand Forks','Pennsylvania','United Kingdom','T27A MKL','428 878 593',26,5,59,'2022-06-25 20:59:45.888053','2022-06-25 21:00:41.154870'),
(27,'445255003','Arthur Ben','1991-10-01',30,'Arthur.Ben257016090@outlook.com',3307469597.53,'CONTRACT','2015-05-07','8344 Golf Course Drive','Alexandria','Aldford','United Kingdom','SNAU 91V','469 754 267',27,3,94,'2022-06-25 20:59:45.944824','2022-06-25 21:00:41.155412'),
(28,'552623093','Sam Will','1990-10-05',31,'Sam.Will12722806@comast.com',1497399452.09,'CONTRACT','2021-06-18','6232 Little Acres Lane','Boca Raton','Aldford','United Kingdom','HT01 LA4','379 569 547',28,4,63,'2022-06-25 20:59:46.015096','2022-06-25 21:00:41.155638'),
(29,'289506021','Thomas Herman','1986-11-02',35,'ThomasHerman1792243871@hitmail.com',2611928634.75,'CASUAL','2016-03-26','6306 Michigan Avenue','Harleigh','Aldford','United Kingdom','PM3Q 4GJ','540 523 089',29,7,94,'2022-06-25 20:59:46.067186','2022-06-25 21:00:41.155870'),
(30,'193890222','Tom Norman','1997-09-10',24,'Tom_Norman964349637@comast.net',2156694479.06,'CONTRACT','2013-09-10','5158 Ashton Lane','Downers Grove','Michigan','United Kingdom','GRF0 5NA','915 330 939',30,9,NULL,'2022-06-25 20:59:46.104579','2022-06-25 20:59:46.153526'),
(31,'013300578','Samuel Frederick','1995-01-03',27,'Samuel_Frederick1237048910@cox.com',2098344306.74,'PART_TIME','2018-05-24','236 Oak Drive','Grand Forks','Michigan','United Kingdom','NOZ0 P24','963 276 303',31,1,NULL,'2022-06-25 20:59:46.171009','2022-06-25 20:59:46.218143'),
(32,'406273146','Martha Dewey','1993-10-06',28,'Martha_Dewey1539984513@yandex.com',2999905101.14,'FULL_TIME','2017-03-17','1755 Selah Way','Boca Raton','Pennsylvania','United Kingdom','FI8M 1TK','763 660 433',32,8,NULL,'2022-06-25 20:59:46.240700','2022-06-25 20:59:46.299342'),
(33,'411583894','Sarah Leo','1987-02-25',35,'Sarah_Leo2107166865@outlook.com',1550138612.51,'PART_TIME','2020-02-19','3807 Ashton Lane','Northville','Alveley','United Kingdom','Y5VQ 9T9','267 089 968',33,6,NULL,'2022-06-25 20:59:46.342044','2022-06-25 20:59:46.406472'),
(34,'925106601','Charles Eugene','1991-06-11',31,'CharlesEugene1218153864@findhere.com',1712500512.44,'PART_TIME','2021-03-20','2449 Selah Way','Downers Grove','Aldford','United Kingdom','PFHS 2VU','498 378 876',34,7,NULL,'2022-06-25 20:59:46.433600','2022-06-25 20:59:46.483494'),
(35,'105434930','Frank Harvey','1988-09-16',33,'Frank_Harvey1900338570@yandex.com',1926367245.66,'PART_TIME','2013-10-11','1358 Cheshire Road','Harleigh','Aldford','United Kingdom','WSKG BRE','144 235 875',35,4,NULL,'2022-06-25 20:59:46.496170','2022-06-25 20:59:46.522200'),
(36,'410052424','Willie Clarence','1995-07-26',26,'Willie.Clarence1479762329@comast.com',2034848002.07,'CONTRACT','2019-02-17','729 Little Acres Lane','Downers Grove','Michigan','United Kingdom','PU4B 8I1','379 526 322',36,2,NULL,'2022-06-25 20:59:46.531440','2022-06-25 20:59:46.577117'),
(37,'166553489','David Lawrence','1990-12-02',31,'David.Lawrence1645269310@outlook.com',2365509321.36,'FULL_TIME','2020-03-15','465 Little Acres Lane','Alexandria','Florida','United Kingdom','NFD2 VB4','509 443 331',37,1,63,'2022-06-25 20:59:46.600116','2022-06-25 21:00:41.156716'),
(38,'354352378','Thomas Norman','1988-11-20',33,'ThomasNorman672584775@wegas.ru',2738211579.15,'PART_TIME','2018-11-24','1642 Michigan Avenue','Philadelphia','Michigan','United Kingdom','FCBB EKY','597 820 443',38,8,94,'2022-06-25 20:59:46.667507','2022-06-25 21:00:41.156904'),
(39,'529284061','Charles Oscar','1997-07-26',24,'Charles_Oscar1834518264@cox.com',2359195642.33,'PART_TIME','2017-12-22','6170 Ashton Lane','Northville','Florida','United Kingdom','L6TI TJW','148 058 164',39,7,59,'2022-06-25 20:59:46.710202','2022-06-25 21:00:41.157068'),
(40,'745952928','Margaret Philip','1997-09-19',24,'Margaret_Philip862568593@charter.com',2747130126.32,'CONTRACT','2015-03-16','8456 Formula Lane','Harleigh','Pennsylvania','United Kingdom','LKOF 6EQ','026 007 925',40,7,6,'2022-06-25 20:59:46.767394','2022-06-25 21:00:41.157242'),
(41,'536765349','Mary Cecil','1989-04-04',33,'Mary_Cecil227251774@126.net',1171462889.48,'CASUAL','2016-01-05','6442 Selah Way','Houston','Aldridge','United Kingdom','4XEH QII','164 675 743',41,6,NULL,'2022-06-25 20:59:46.799675','2022-06-25 20:59:46.849419'),
(42,'855307367','Nellie Tom','1995-10-17',26,'NellieTom269871210@126.net',1919091842.65,'CASUAL','2015-01-11','8926 Trymore Road','Harleigh','Aldford','United Kingdom','ZIAK ZLF','983 073 335',42,7,94,'2022-06-25 20:59:46.869992','2022-06-25 21:00:41.157525'),
(43,'856875580','Clara Jim','1991-09-02',30,'Clara_Jim958183831@126.net',2509946181.19,'PART_TIME','2017-08-18','4478 Trymore Road','Metairie','Aldford','United Kingdom','X76Q V63','978 283 146',43,4,NULL,'2022-06-25 20:59:46.916136','2022-06-25 20:59:46.938357'),
(44,'872536404','Mary Dewey','1991-06-10',31,'MaryDewey1978510271@comast.com',3207800799.99,'CONTRACT','2013-08-01','7820 Golf Course Drive','Philadelphia','Alveley','United Kingdom','4G9R VY4','488 671 373',44,1,NULL,'2022-06-25 20:59:46.949813','2022-06-25 20:59:46.995134'),
(45,'534384485','Annie Benjamin','1998-08-25',23,'Annie.Benjamin223796311@ddns.org',4732262817.90,'CASUAL','2017-12-05','6244 Oak Drive','Boca Raton','Michigan','United Kingdom','7FJC X5J','411 370 042',45,9,NULL,'2022-06-25 20:59:47.002525','2022-06-25 20:59:47.030583'),
(46,'622746497','Martha Sam','1999-06-28',22,'MarthaSam616812130@comast.com',3233444489.34,'FULL_TIME','2017-02-13','4510 Ashton Lane','Alexandria','Aldford','United Kingdom','W8MI 13S','004 989 554',46,1,NULL,'2022-06-25 20:59:47.053448','2022-06-25 20:59:47.084774'),
(47,'329337617','Joe Daniel','1990-12-09',31,'Joe.Daniel24883750@126.com',2550463348.38,'CASUAL','2017-12-04','5586 Lang Avenue','Northville','Aldford','United Kingdom','GV9R 2Y2','780 637 756',47,2,63,'2022-06-25 20:59:47.090878','2022-06-25 21:00:41.158055'),
(48,'216684242','John Oscar','1987-01-09',35,'John.Oscar1495424084@ddns.org',2066992107.68,'CONTRACT','2020-06-15','1367 Selah Way','Philadelphia','Aldridge','United Kingdom','D1FW H68','527 714 687',48,7,NULL,'2022-06-25 20:59:47.238180','2022-06-25 20:59:47.304788'),
(49,'366973952','Willie Edgar','1988-12-04',33,'WillieEdgar1032580233@hitmail.com',1972796019.98,'CASUAL','2013-04-26','829 Formula Lane','Downers Grove','Florida','United Kingdom','0CND X85','311 967 788',49,8,NULL,'2022-06-25 20:59:47.315104','2022-06-25 20:59:47.339335'),
(50,'-62833176','Sarah Jim','1994-08-14',27,'Sarah.Jim1499301156@twc.com',2364216649.14,'PART_TIME','2020-05-05','3807 Lang Avenue','Harleigh','Florida','United Kingdom','ACYX MLW','768 260 736',50,9,63,'2022-06-25 20:59:47.348187','2022-06-25 21:00:41.158406'),
(51,'987033726','Nellie Cecil','1993-07-12',28,'Nellie.Cecil396768108@comast.com',4751919800.73,'CONTRACT','2019-10-06','8446 Ashton Lane','Northville','Texas','United Kingdom','ACL9 91I','863 976 571',51,4,NULL,'2022-06-25 20:59:47.385187','2022-06-25 20:59:47.438474'),
(52,'-40123016','Emma Lawrence','1996-12-04',25,'Emma.Lawrence48881238@ddns.org',2654680618.68,'CONTRACT','2018-12-04','4386 Trymore Road','Houston','Florida','United Kingdom','BAT1 ZOZ','662 155 794',52,5,NULL,'2022-06-25 20:59:47.452654','2022-06-25 20:59:47.488260'),
(53,'547025615','Joe Jim','1994-05-08',28,'Joe_Jim565979295@yahoo.com',2974278911.86,'CONTRACT','2017-12-05','7961 Cheshire Road','Grand Forks','Aldridge','United Kingdom','AQ65 X8Y','439 467 042',53,7,94,'2022-06-25 20:59:47.505491','2022-06-25 21:00:41.158766'),
(54,'205085727','Margaret Dewey','1987-12-07',34,'Margaret_Dewey1131121437@twc.com',4344424905.46,'CASUAL','2015-05-22','8650 Oak Drive','Houston','Alveley','United Kingdom','2NX2 DH5','996 117 211',54,9,NULL,'2022-06-25 20:59:47.540975','2022-06-25 20:59:47.571184'),
(55,'052185419','Mary Herman','1991-02-10',31,'Mary_Herman1571071476@findhere.com',2968438352.15,'CASUAL','2013-09-05','5607 Selah Way','Alexandria','Aldford','United Kingdom','6VNO Z70','967 288 053',55,6,63,'2022-06-25 20:59:47.597645','2022-06-25 21:00:41.159015'),
(56,'839451222','Grace Will','1990-01-22',32,'GraceWill631705006@yahoo.com',1598983517.66,'FULL_TIME','2014-08-01','1880 Lang Avenue','Northville','Texas','United Kingdom','DCUO Y3I','550 920 209',56,7,NULL,'2022-06-25 20:59:47.653741','2022-06-25 20:59:47.703203'),
(57,'534827379','Bertha Harvey','1991-06-10',31,'Bertha.Harvey1642657657@charter.com',2193746245.45,'CONTRACT','2020-12-08','6415 Cheshire Road','Boca Raton','Pennsylvania','United Kingdom','4DDC 83B','589 645 464',57,3,94,'2022-06-25 20:59:47.717640','2022-06-25 21:00:41.159257'),
(58,'393646263','Elizabeth Charlie','1999-07-01',22,'Elizabeth_Charlie2123761469@126.net',1998243132.86,'CONTRACT','2016-10-04','6089 Cheshire Road','Philadelphia','Aldridge','United Kingdom','VW8V 1OE','147 846 533',58,1,59,'2022-06-25 20:59:47.770741','2022-06-25 21:00:41.159415'),
(59,'789544917','George Theodore','1992-03-15',30,'GeorgeTheodore59326876@charter.com',5359627799.99,'FULL_TIME','2013-04-08','3703 Michigan Avenue','Boca Raton','Michigan','United Kingdom','U9TC 30V','238 227 250',59,8,NULL,'2022-06-25 20:59:47.812355','2022-06-25 20:59:47.854866'),
(60,'019195692','Harry Donald','1991-06-14',31,'HarryDonald785087878@ddns.org',1614242422.42,'CASUAL','2018-06-06','7503 Oak Drive','Alexandria','Amersham','United Kingdom','OHMC 8AD','628 046 924',60,9,59,'2022-06-25 20:59:47.877068','2022-06-25 21:00:41.159597'),
(61,'415292703','Margaret Daniel','1998-05-11',24,'MargaretDaniel875283840@outlook.com',3106206711.57,'PART_TIME','2020-12-07','2429 Cheshire Road','Philadelphia','Aldford','United Kingdom','YPQ6 4TN','251 569 651',61,4,94,'2022-06-25 20:59:47.911633','2022-06-25 21:00:41.159760'),
(62,'345819142','Bessie Francis','1989-04-08',33,'Bessie.Francis1743959089@freeservers.com',2200908116.54,'FULL_TIME','2020-08-01','1877 Lang Avenue','Alexandria','Michigan','United Kingdom','X9H9 NK6','433 172 564',62,3,NULL,'2022-06-25 20:59:47.953866','2022-06-25 20:59:47.991108'),
(63,'-49427942','Fred Oscar','1987-09-04',34,'Fred.Oscar455363967@126.com',5003577544.72,'FULL_TIME','2013-09-19','3582 Oak Drive','Philadelphia','Aldford','United Kingdom','5LAM D1H','442 691 873',63,9,NULL,'2022-06-25 20:59:48.001566','2022-06-25 20:59:48.037837'),
(64,'710940157','Robert Theodore','1997-02-01',25,'RobertTheodore748128503@126.com',3232729705.45,'PART_TIME','2013-12-17','8542 Trymore Road','Boca Raton','Texas','United Kingdom','R5HT SBO','616 249 609',64,2,59,'2022-06-25 20:59:48.058827','2022-06-25 21:00:41.160025'),
(65,'574803753','Ethel Donald','1998-01-08',24,'Ethel_Donald1595858229@outlook.com',736043226.18,'CONTRACT','2020-09-10','6107 Michigan Avenue','Northville','Alveley','United Kingdom','B7VY CK9','283 632 849',65,1,63,'2022-06-25 20:59:48.133221','2022-06-25 21:00:41.160185'),
(66,'033311060','Ella Luther','1996-06-25',26,'EllaLuther933714822@charter.com',3175539465.10,'FULL_TIME','2019-03-14','4726 Oak Drive','Alexandria','Florida','United Kingdom','3UNA GD3','595 788 687',66,4,6,'2022-06-25 20:59:48.167104','2022-06-25 21:00:41.160341'),
(67,'709168580','Emma Lloyd','1993-03-30',29,'Emma_Lloyd579171286@twc.com',481680007.59,'PART_TIME','2018-08-16','3011 Lang Avenue','Downers Grove','Amersham','United Kingdom','HPZD 7QY','957 287 520',67,4,NULL,'2022-06-25 20:59:48.203845','2022-06-25 20:59:48.236248'),
(68,'506005788','Samuel Kenneth','1996-07-23',25,'SamuelKenneth665168421@hitmail.com',3706353927.28,'CONTRACT','2020-05-01','5230 Golf Course Drive','Philadelphia','Michigan','United Kingdom','D1ZI E2G','494 216 613',68,3,NULL,'2022-06-25 20:59:48.266852','2022-06-25 20:59:48.303674'),
(69,'386853505','Bessie Hugh','1991-10-21',30,'Bessie_Hugh1024498471@wegas.ru',2897031901.30,'CASUAL','2016-01-22','8113 Trymore Road','Downers Grove','Amersham','United Kingdom','ZPDV QGN','188 660 095',69,3,NULL,'2022-06-25 20:59:48.317172','2022-06-25 20:59:48.350632'),
(70,'404126817','Florence Patrick','1996-11-17',25,'FlorencePatrick1894169366@126.net',1696011901.09,'FULL_TIME','2018-09-05','4238 Trymore Road','Philadelphia','Michigan','United Kingdom','IYEL 7OH','070 236 761',70,2,6,'2022-06-25 20:59:48.357443','2022-06-25 21:00:41.160735'),
(71,'386461677','David Jessie','1986-12-17',35,'David_Jessie1522001170@cox.com',3444853543.27,'CASUAL','2013-04-27','970 Formula Lane','Alexandria','Aldridge','United Kingdom','TZZA 7A0','525 216 835',71,7,NULL,'2022-06-25 20:59:48.390927','2022-06-25 20:59:48.435814'),
(72,'561376170','Clara Luther','1990-02-22',32,'Clara.Luther899395095@comast.com',2734814337.65,'FULL_TIME','2016-04-01','8582 Little Acres Lane','Alexandria','Alveley','United Kingdom','QIXT O70','797 393 335',72,4,59,'2022-06-25 20:59:48.467831','2022-06-25 21:00:41.160984'),
(73,'729977579','Ethel Andrew','1998-11-10',23,'Ethel.Andrew1166675505@wegas.ru',3251769146.73,'CASUAL','2021-05-10','8500 Michigan Avenue','Alexandria','Pennsylvania','United Kingdom','OPF8 7U2','605 274 501',73,6,NULL,'2022-06-25 20:59:48.538569','2022-06-25 20:59:48.563635'),
(74,'193855857','Roy Eddie','1991-05-01',31,'Roy.Eddie1301928742@freeservers.com',1673652901.31,'CASUAL','2016-01-21','3536 Formula Lane','Harleigh','Alveley','United Kingdom','E7XS TXX','411 275 610',74,7,NULL,'2022-06-25 20:59:48.570715','2022-06-25 20:59:48.621675'),
(75,'759332872','Sam Alfred','1986-09-08',35,'SamAlfred918718190@comast.com',2059022690.75,'CONTRACT','2016-09-23','7604 Little Acres Lane','Metairie','Aldridge','United Kingdom','QZBT Z6F','140 318 014',75,2,NULL,'2022-06-25 20:59:48.641175','2022-06-25 20:59:48.681130'),
(76,'762677860','Charles Elmer','1987-04-24',35,'CharlesElmer1588871733@comast.com',3096649864.70,'FULL_TIME','2016-11-17','8846 Ashton Lane','Houston','Aldridge','United Kingdom','SFKW BUT','223 949 847',76,5,6,'2022-06-25 20:59:48.707006','2022-06-25 21:00:41.161392'),
(77,'333443562','Herbert Jim','1987-11-25',34,'Herbert_Jim443847105@outlook.com',2813621684.35,'PART_TIME','2016-11-09','174 Trymore Road','Downers Grove','Aldford','United Kingdom','NI2B YEH','391 654 749',77,7,NULL,'2022-06-25 20:59:48.764224','2022-06-25 20:59:48.811170'),
(78,'910842204','Minnie Dewey','1994-03-28',28,'MinnieDewey18004789@findhere.com',2564683435.60,'CONTRACT','2021-04-01','4804 Formula Lane','Alexandria','Michigan','United Kingdom','NGLU C2B','754 443 546',78,3,NULL,'2022-06-25 20:59:48.817615','2022-06-25 20:59:48.847994'),
(79,'486595207','Walter Oscar','1993-02-14',29,'WalterOscar608127989@ddns.org',1861327376.71,'FULL_TIME','2013-06-16','8665 Cheshire Road','Downers Grove','Florida','United Kingdom','095K WIZ','291 144 676',79,8,94,'2022-06-25 20:59:48.873355','2022-06-25 21:00:41.161705'),
(80,'593955615','Harry Jesse','1986-12-14',35,'Harry_Jesse1782068172@gmx.com',2555083599.07,'PART_TIME','2014-10-13','170 Selah Way','Alexandria','Amersham','United Kingdom','KJWJ YC6','371 026 412',80,5,63,'2022-06-25 20:59:48.930744','2022-06-25 21:00:41.161870'),
(81,'355294999','Jacob Theodore','1991-11-05',30,'JacobTheodore401116091@wegas.ru',4296651112.68,'FULL_TIME','2016-08-12','5565 Golf Course Drive','Downers Grove','Pennsylvania','United Kingdom','POPP LJK','525 336 130',81,1,NULL,'2022-06-25 20:59:48.978526','2022-06-25 20:59:49.001639'),
(82,'636885074','Margaret Eddie','1998-09-01',23,'MargaretEddie853481591@yahoo.com',1660117189.44,'CONTRACT','2021-12-22','8913 Ashton Lane','Houston','Michigan','United Kingdom','EULK ZQN','984 384 403',82,9,NULL,'2022-06-25 20:59:49.023795','2022-06-25 20:59:49.057492'),
(83,'249154473','Tom Francis','1986-05-07',36,'Tom.Francis960042472@comast.com',911032345.60,'FULL_TIME','2020-11-19','1324 Golf Course Drive','Boca Raton','Michigan','United Kingdom','JILK WB6','601 555 059',83,8,NULL,'2022-06-25 20:59:49.074456','2022-06-25 20:59:49.105336'),
(84,'894862918','Martha Oscar','1986-02-16',36,'Martha_Oscar1722340434@twc.com',3689935089.60,'FULL_TIME','2013-10-22','6378 Selah Way','Grand Forks','Amersham','United Kingdom','9LI8 D9K','953 113 917',84,5,NULL,'2022-06-25 20:59:49.111586','2022-06-25 20:59:49.248248'),
(85,'643416049','Jacob Philip','1986-11-30',35,'JacobPhilip434323748@comast.net',1474922167.95,'CONTRACT','2020-11-06','2330 Oak Drive','Metairie','Amersham','United Kingdom','R3TG FP4','206 304 646',85,8,94,'2022-06-25 20:59:49.256738','2022-06-25 21:00:41.162346'),
(86,'378576165','Joseph Bernard','1997-02-17',25,'Joseph_Bernard1914774098@hotmail.com',2594616415.75,'FULL_TIME','2015-04-11','2575 Formula Lane','Alexandria','Alveley','United Kingdom','AN66 NTJ','456 090 513',86,2,63,'2022-06-25 20:59:49.289546','2022-06-25 21:00:41.162497'),
(87,'081056307','George Will','1995-08-05',26,'George.Will2118476675@gmx.com',1336662542.48,'CONTRACT','2013-11-16','3238 Golf Course Drive','Downers Grove','Aldford','United Kingdom','2GGT ZG3','962 250 682',87,2,59,'2022-06-25 20:59:49.335467','2022-06-25 21:00:41.162667'),
(88,'556025033','Joseph Lawrence','1994-07-12',27,'Joseph.Lawrence894758053@126.com',2737479688.88,'CASUAL','2013-03-25','3311 Ashton Lane','Alexandria','Michigan','United Kingdom','8YS4 WYL','033 609 631',88,8,NULL,'2022-06-25 20:59:49.380264','2022-06-25 20:59:49.422302'),
(89,'005836536','Robert Will','1986-01-07',36,'RobertWill993824083@comast.net',2183443451.07,'PART_TIME','2013-09-10','6562 Oak Drive','Philadelphia','Michigan','United Kingdom','F6BC 9IF','698 971 347',89,3,59,'2022-06-25 20:59:49.435803','2022-06-25 21:00:41.162914'),
(90,'958018864','Arthur Patrick','1998-09-25',23,'ArthurPatrick1941509980@gmx.com',3789777439.23,'PART_TIME','2015-03-11','8616 Formula Lane','Houston','Texas','United Kingdom','TOPE MG3','554 532 120',90,9,63,'2022-06-25 20:59:49.469888','2022-06-25 21:00:41.163081'),
(91,'497567417','Nellie Alfred','1991-01-30',31,'Nellie.Alfred1536236572@comast.com',3225470128.36,'PART_TIME','2013-05-01','5451 Cheshire Road','Houston','Amersham','United Kingdom','8IB6 4UU','693 455 540',91,6,NULL,'2022-06-25 20:59:49.528188','2022-06-25 20:59:49.556834'),
(92,'520050209','Roy Theodore','1998-07-18',23,'Roy.Theodore2083930588@gmx.com',3812671368.83,'CONTRACT','2015-04-27','4733 Lang Avenue','Boca Raton','Michigan','United Kingdom','2F14 ILO','290 014 707',92,8,NULL,'2022-06-25 20:59:49.573647','2022-06-25 20:59:49.615821'),
(93,'370025999','Florence Alfred','1987-11-26',34,'FlorenceAlfred1053111483@126.com',2188072070.65,'FULL_TIME','2018-10-09','1603 Trymore Road','Metairie','Michigan','United Kingdom','QFU4 MEU','819 996 013',93,8,NULL,'2022-06-25 20:59:49.626715','2022-06-25 20:59:49.651642'),
(94,'156583300','Ella Daniel','1988-07-14',33,'Ella_Daniel1535699011@hotmail.com',5120665834.94,'CASUAL','2015-09-20','7708 Michigan Avenue','Northville','Texas','United Kingdom','XQ2Y W6W','095 753 944',94,5,NULL,'2022-06-25 20:59:49.664417','2022-06-25 20:59:49.697740'),
(95,'155470864','Alice Will','1986-11-03',35,'Alice_Will1196706744@findhere.com',1932350979.37,'CASUAL','2020-05-08','3336 Golf Course Drive','Boca Raton','Michigan','United Kingdom','GQGY 6LK','680 194 345',95,7,NULL,'2022-06-25 20:59:49.704232','2022-06-25 20:59:49.756388'),
(96,'910191670','Arthur Chester','1992-04-03',30,'ArthurChester792472307@gmx.com',3502638023.36,'CASUAL','2018-09-12','637 Trymore Road','Harleigh','Aldridge','United Kingdom','2SF8 WQC','750 916 605',96,3,94,'2022-06-25 20:59:49.800435','2022-06-25 21:00:41.163497'),
(97,'753848536','Walter Stanley','1997-06-14',25,'Walter_Stanley2619634@yandex.com',1610112346.50,'CONTRACT','2020-05-07','8438 Golf Course Drive','Grand Forks','Michigan','United Kingdom','WRB8 V3B','189 151 329',97,5,NULL,'2022-06-25 20:59:49.871988','2022-06-25 20:59:49.913324'),
(98,'300953086','Jacob Leo','1997-12-22',24,'JacobLeo1619227045@twc.com',3586191125.01,'CASUAL','2014-12-05','594 Lang Avenue','Downers Grove','Michigan','United Kingdom','KH0O SYU','019 753 909',98,3,NULL,'2022-06-25 20:59:49.939727','2022-06-25 20:59:49.966101'),
(99,'355663322','Margaret Daniel','1996-05-16',26,'MargaretDaniel1935763434@126.net',1972999791.90,'CONTRACT','2019-05-20','4937 Golf Course Drive','Houston','Aldridge','United Kingdom','490L A7O','709 249 260',99,1,6,'2022-06-25 20:59:49.973743','2022-06-25 21:00:41.163773'),
(100,'543528443','Joe Edgar','1999-06-08',23,'Joe_Edgar1693377973@comast.net',2107579965.58,'PART_TIME','2015-12-23','6903 Golf Course Drive','Boca Raton','Amersham','United Kingdom','9QW4 P3P','271 103 301',100,7,59,'2022-06-25 20:59:50.029858','2022-06-25 21:00:41.163908'),
(101,'724688431','Clara Jesse','1997-09-05',24,'Clara.Jesse1967629494@rxdoc.biz',2675693672.70,'PART_TIME','2015-05-06','7810 Golf Course Drive','Downers Grove','Amersham','United Kingdom','SOXZ J70','655 456 530',101,8,59,'2022-06-25 20:59:50.089279','2022-06-25 21:00:41.164079'),
(102,'122435522','Mary Richard','1988-07-23',33,'MaryRichard1310193152@gmail.com',2315647307.62,'PART_TIME','2016-10-12','1376 Formula Lane','Harleigh','Michigan','United Kingdom','LPRX 3PE','711 241 357',102,5,59,'2022-06-25 20:59:50.141170','2022-06-25 21:00:41.164203'),
(103,'612512694','Margaret Will','1998-09-25',23,'MargaretWill1849146661@yahoo.com',3826458324.09,'FULL_TIME','2020-11-15','8493 Ashton Lane','Harleigh','Michigan','United Kingdom','1PAW 7JR','754 927 381',103,4,NULL,'2022-06-25 20:59:50.177991','2022-06-25 20:59:50.200358'),
(104,'632360391','Albert Martin','1988-09-11',33,'Albert.Martin1600475659@findhere.com',2198170349.93,'CONTRACT','2015-09-10','1806 Selah Way','Harleigh','Florida','United Kingdom','SYIT SKX','454 812 739',104,9,59,'2022-06-25 20:59:50.209461','2022-06-25 21:00:41.164376'),
(105,'877611487','Joseph Leroy','1990-10-22',31,'JosephLeroy1341648046@charter.com',1352370557.96,'FULL_TIME','2019-01-20','162 Michigan Avenue','Northville','Pennsylvania','United Kingdom','I6LQ 5W4','974 128 546',105,5,63,'2022-06-25 20:59:50.256373','2022-06-25 21:00:41.164511');
/*!40000 ALTER TABLE `employees` ENABLE KEYS */;
UNLOCK TABLES;

--
-- Table structure for table `employees_allowances`
--

DROP TABLE IF EXISTS `employees_allowances`;
/*!40101 SET @saved_cs_client     = @@character_set_client */;
/*!40101 SET character_set_client = utf8 */;
CREATE TABLE `employees_allowances` (
  `employee_id` bigint(20) NOT NULL,
  `allowance_id` bigint(20) NOT NULL,
  PRIMARY KEY (`employee_id`,`allowance_id`),
  UNIQUE KEY `UK_v9oao25hma5xa5ixl8hq9h8w` (`allowance_id`),
  CONSTRAINT `FKirv6x8quaa883qg487nwj8ojh` FOREIGN KEY (`employee_id`) REFERENCES `employees` (`id`),
  CONSTRAINT `FKjt7t5eok8kes3dnei7g4ptd0s` FOREIGN KEY (`allowance_id`) REFERENCES `allowances` (`id`)
) ENGINE=InnoDB DEFAULT CHARSET=utf8mb4 COLLATE=utf8mb4_unicode_ci;
/*!40101 SET character_set_client = @saved_cs_client */;

--
-- Dumping data for table `employees_allowances`
--

LOCK TABLES `employees_allowances` WRITE;
/*!40000 ALTER TABLE `employees_allowances` DISABLE KEYS */;
INSERT INTO `employees_allowances` VALUES
(3,1),
(3,2),
(3,3),
(4,4),
(4,5),
(5,6),
(5,7),
(5,8),
(6,9),
(6,10),
(8,11),
(9,12),
(9,13),
(9,14),
(10,15),
(10,16),
(11,17),
(13,18),
(13,19),
(13,20),
(15,21),
(15,22),
(16,23),
(16,24),
(17,25),
(18,26),
(18,27),
(18,28),
(20,29),
(20,30),
(20,31),
(22,32),
(23,33),
(24,34),
(24,35),
(25,36),
(28,37),
(28,38),
(28,39),
(29,40),
(29,41),
(29,42),
(30,43),
(30,44),
(30,45),
(31,46),
(31,47),
(31,48),
(34,49),
(34,50),
(38,51),
(38,52),
(39,53),
(41,54),
(41,55),
(42,56),
(42,57),
(44,58),
(44,59),
(46,60),
(47,61),
(48,62),
(48,63),
(48,64),
(54,65),
(56,66),
(56,67),
(56,68),
(57,69),
(58,70),
(59,71),
(60,72),
(60,73),
(62,74),
(62,75),
(62,76),
(63,77),
(63,78),
(63,79),
(64,80),
(64,81),
(64,82),
(66,83),
(66,84),
(67,85),
(67,86),
(69,87),
(69,88),
(69,89),
(71,90),
(71,91),
(72,92),
(72,93),
(74,94),
(74,95),
(75,96),
(75,97),
(76,98),
(76,99),
(76,100),
(77,101),
(77,102),
(78,103),
(78,104),
(79,105),
(79,106),
(79,107),
(80,108),
(80,109),
(81,110),
(82,111),
(82,112),
(82,113),
(83,114),
(83,115),
(83,116),
(84,117),
(86,118),
(86,119),
(86,120),
(87,121),
(87,122),
(88,123),
(88,124),
(89,125),
(90,126),
(93,127),
(94,128),
(94,129),
(95,130),
(95,131),
(95,132),
(96,133),
(96,134),
(96,135),
(99,136),
(101,137),
(101,138),
(102,139),
(103,140),
(105,141),
(105,142);
/*!40000 ALTER TABLE `employees_allowances` ENABLE KEYS */;
UNLOCK TABLES;

--
-- Table structure for table `employees_phone_numbers`
--

DROP TABLE IF EXISTS `employees_phone_numbers`;
/*!40101 SET @saved_cs_client     = @@character_set_client */;
/*!40101 SET character_set_client = utf8 */;
CREATE TABLE `employees_phone_numbers` (
  `employee_id` bigint(20) NOT NULL,
  `phone_type` varchar(255) COLLATE utf8mb4_unicode_ci NOT NULL,
  `phone_number` varchar(255) COLLATE utf8mb4_unicode_ci DEFAULT NULL,
  PRIMARY KEY (`employee_id`,`phone_type`),
  CONSTRAINT `FKidbn2xkhfv1cywfxu3qqecpd9` FOREIGN KEY (`employee_id`) REFERENCES `employees` (`id`)
) ENGINE=InnoDB DEFAULT CHARSET=utf8mb4 COLLATE=utf8mb4_unicode_ci;
/*!40101 SET character_set_client = @saved_cs_client */;

--
-- Dumping data for table `employees_phone_numbers`
--

LOCK TABLES `employees_phone_numbers` WRITE;
/*!40000 ALTER TABLE `employees_phone_numbers` DISABLE KEYS */;
/*!40000 ALTER TABLE `employees_phone_numbers` ENABLE KEYS */;
UNLOCK TABLES;

--
-- Table structure for table `employees_projects`
--

DROP TABLE IF EXISTS `employees_projects`;
/*!40101 SET @saved_cs_client     = @@character_set_client */;
/*!40101 SET character_set_client = utf8 */;
CREATE TABLE `employees_projects` (
  `project_id` bigint(20) NOT NULL,
  `employee_id` bigint(20) NOT NULL,
  KEY `FKbslohhow39ayel1dc6cdus5sc` (`employee_id`),
  KEY `FKc9x9r7nbtwnx24vcrfxym9cyy` (`project_id`),
  CONSTRAINT `FKbslohhow39ayel1dc6cdus5sc` FOREIGN KEY (`employee_id`) REFERENCES `employees` (`id`),
  CONSTRAINT `FKc9x9r7nbtwnx24vcrfxym9cyy` FOREIGN KEY (`project_id`) REFERENCES `projects` (`id`)
) ENGINE=InnoDB DEFAULT CHARSET=utf8mb4 COLLATE=utf8mb4_unicode_ci;
/*!40101 SET character_set_client = @saved_cs_client */;

--
-- Dumping data for table `employees_projects`
--

LOCK TABLES `employees_projects` WRITE;
/*!40000 ALTER TABLE `employees_projects` DISABLE KEYS */;
INSERT INTO `employees_projects` VALUES
(1,13),
(1,23),
(1,30),
(1,35),
(1,54),
(1,58),
(1,59),
(1,62),
(1,78),
(1,81),
(1,95),
(1,72),
(1,86),
(1,56),
(1,97),
(1,50),
(1,79),
(1,52),
(1,46),
(1,65),
(2,13),
(2,14),
(2,17),
(2,22),
(2,31),
(2,31),
(2,56),
(2,62),
(2,62),
(2,69),
(2,86),
(2,94),
(2,53),
(2,42),
(2,73),
(2,81),
(2,85),
(2,16),
(2,84),
(2,77),
(2,67),
(2,54),
(2,3),
(2,50),
(2,40),
(2,11),
(2,26),
(2,43),
(2,2),
(2,48),
(2,51),
(2,63),
(2,34),
(2,38),
(2,28),
(2,30),
(3,9),
(3,22),
(3,24),
(3,29),
(3,42),
(3,43),
(3,43),
(3,46),
(3,55),
(3,67),
(3,70),
(3,92),
(3,94),
(3,94),
(3,25),
(3,8),
(3,85),
(3,56),
(3,104),
(3,100),
(3,18),
(3,10),
(3,26),
(3,96),
(3,11),
(3,90),
(3,101),
(3,45),
(3,97),
(3,72),
(4,10),
(4,16),
(4,34),
(4,46),
(4,73),
(4,81),
(4,93),
(4,48),
(4,65),
(4,94),
(4,19),
(4,30),
(4,96),
(4,67),
(4,9),
(5,37),
(5,43),
(5,46),
(5,48),
(5,51),
(5,54),
(5,56),
(5,74),
(5,81),
(5,81),
(5,100),
(5,104),
(5,38),
(5,34),
(5,36),
(5,78),
(5,83),
(5,22),
(5,26),
(5,29),
(5,8),
(6,4),
(6,10),
(6,11),
(6,24),
(6,30),
(6,39),
(6,43),
(6,58),
(6,59),
(6,62),
(6,72),
(6,74),
(6,105),
(6,80),
(6,45),
(6,37),
(6,65),
(6,101),
(6,95),
(6,54),
(6,67),
(6,29),
(6,52),
(6,66),
(6,33);
/*!40000 ALTER TABLE `employees_projects` ENABLE KEYS */;
UNLOCK TABLES;

--
-- Table structure for table `nick_names`
--

DROP TABLE IF EXISTS `nick_names`;
/*!40101 SET @saved_cs_client     = @@character_set_client */;
/*!40101 SET character_set_client = utf8 */;
CREATE TABLE `nick_names` (
  `employee_id` bigint(20) NOT NULL,
  `nick_names` varchar(255) COLLATE utf8mb4_unicode_ci DEFAULT NULL,
  KEY `FKlcpops54sgswdwv16ttjg711v` (`employee_id`),
  CONSTRAINT `FKlcpops54sgswdwv16ttjg711v` FOREIGN KEY (`employee_id`) REFERENCES `employees` (`id`)
) ENGINE=InnoDB DEFAULT CHARSET=utf8mb4 COLLATE=utf8mb4_unicode_ci;
/*!40101 SET character_set_client = @saved_cs_client */;

--
-- Dumping data for table `nick_names`
--

LOCK TABLES `nick_names` WRITE;
/*!40000 ALTER TABLE `nick_names` DISABLE KEYS */;
/*!40000 ALTER TABLE `nick_names` ENABLE KEYS */;
UNLOCK TABLES;

--
-- Table structure for table `parking_spaces`
--

DROP TABLE IF EXISTS `parking_spaces`;
/*!40101 SET @saved_cs_client     = @@character_set_client */;
/*!40101 SET character_set_client = utf8 */;
CREATE TABLE `parking_spaces` (
  `id` bigint(20) NOT NULL AUTO_INCREMENT,
  `parking_lot_number` varchar(255) COLLATE utf8mb4_unicode_ci DEFAULT NULL,
  `employee_id` bigint(20) DEFAULT NULL,
  `created_on` datetime(6) DEFAULT NULL,
  `updated_on` datetime(6) DEFAULT NULL,
  PRIMARY KEY (`id`),
  KEY `FKpxyb5kp0d8iaoriim4hvw4dph` (`employee_id`),
  CONSTRAINT `FKpxyb5kp0d8iaoriim4hvw4dph` FOREIGN KEY (`employee_id`) REFERENCES `employees` (`id`)
) ENGINE=InnoDB DEFAULT CHARSET=utf8mb4 COLLATE=utf8mb4_unicode_ci;
/*!40101 SET character_set_client = @saved_cs_client */;

--
-- Dumping data for table `parking_spaces`
--

LOCK TABLES `parking_spaces` WRITE;
/*!40000 ALTER TABLE `parking_spaces` DISABLE KEYS */;
/*!40000 ALTER TABLE `parking_spaces` ENABLE KEYS */;
UNLOCK TABLES;

--
-- Table structure for table `payslips`
--

DROP TABLE IF EXISTS `payslips`;
/*!40101 SET @saved_cs_client     = @@character_set_client */;
/*!40101 SET character_set_client = utf8 */;
CREATE TABLE `payslips` (
  `id` bigint(20) NOT NULL AUTO_INCREMENT,
  `basic_salary` decimal(19,2) DEFAULT NULL,
  `department_name` varchar(255) COLLATE utf8mb4_unicode_ci DEFAULT NULL,
  `end_date` date DEFAULT NULL,
  `start_date` date DEFAULT NULL,
  `total_allowances` decimal(19,2) DEFAULT NULL,
  `total_deductions` decimal(19,2) DEFAULT NULL,
  `employee_id` bigint(20) DEFAULT NULL,
  `created_on` datetime(6) DEFAULT NULL,
  `updated_on` datetime(6) DEFAULT NULL,
  PRIMARY KEY (`id`),
  KEY `FKi2u90djkfkqooebb9b26gxqmi` (`employee_id`),
  CONSTRAINT `FKi2u90djkfkqooebb9b26gxqmi` FOREIGN KEY (`employee_id`) REFERENCES `employees` (`id`)
) ENGINE=InnoDB AUTO_INCREMENT=106 DEFAULT CHARSET=utf8mb4 COLLATE=utf8mb4_unicode_ci;
/*!40101 SET character_set_client = @saved_cs_client */;

--
-- Dumping data for table `payslips`
--

LOCK TABLES `payslips` WRITE;
/*!40000 ALTER TABLE `payslips` DISABLE KEYS */;
INSERT INTO `payslips` VALUES
(1,3378295042.29,'IOS Developer','2022-06-30','2022-06-01',0.00,1497549193.15,1,'2022-06-25 20:59:44.140782',NULL),
(2,2879451590.45,'IOS Developer','2022-06-30','2022-06-01',0.00,1047064713.40,2,'2022-06-25 20:59:44.241138',NULL),
(3,2139905579.62,'HR','2022-06-30','2022-06-01',2991830203.33,1826711306.95,3,'2022-06-25 20:59:44.330972',NULL),
(4,2077207336.09,'HR','2022-06-30','2022-06-01',2437330061.45,1626786860.56,4,'2022-06-25 20:59:44.420366',NULL),
(5,2199218334.38,'IOS Developer','2022-06-30','2022-06-01',3649430004.78,2407778231.46,5,'2022-06-25 20:59:44.498258',NULL),
(6,1918698506.46,'Markrting','2022-06-30','2022-06-01',3109063281.29,3376703386.42,6,'2022-06-25 20:59:44.565150',NULL),
(7,2547237368.05,'Android Developer','2022-06-30','2022-06-01',0.00,1350871633.98,7,'2022-06-25 20:59:44.609697',NULL),
(8,335935340.77,'Markrting','2022-06-30','2022-06-01',2336112830.51,1768936199.79,8,'2022-06-25 20:59:44.679109',NULL),
(9,2442363481.05,'Selling','2022-06-30','2022-06-01',5760269914.38,761284873.99,9,'2022-06-25 20:59:44.744042',NULL),
(10,1194520904.42,'Account','2022-06-30','2022-06-01',750340900.40,350661088.47,10,'2022-06-25 20:59:44.810948',NULL),
(11,819246582.80,'Selling','2022-06-30','2022-06-01',1540393095.09,1914165346.22,11,'2022-06-25 20:59:44.890224',NULL),
(12,507752597.89,'Markrting','2022-06-30','2022-06-01',0.00,1350830701.61,12,'2022-06-25 20:59:44.945237',NULL),
(13,1007903765.41,'Android Developer','2022-06-30','2022-06-01',3527545897.32,3374617102.05,13,'2022-06-25 20:59:45.001665',NULL),
(14,2619678619.40,'OS Developer','2022-06-30','2022-06-01',0.00,1801721877.63,14,'2022-06-25 20:59:45.168942',NULL),
(15,2813034488.94,'HR','2022-06-30','2022-06-01',2632343377.59,749194315.15,15,'2022-06-25 20:59:45.224885',NULL),
(16,2690562203.82,'OS Developer','2022-06-30','2022-06-01',2437013724.07,1949001684.70,16,'2022-06-25 20:59:45.292948',NULL),
(17,1846122091.82,'HR','2022-06-30','2022-06-01',751090063.62,806561424.13,17,'2022-06-25 20:59:45.371660',NULL),
(18,2999724678.10,'IOS Developer','2022-06-30','2022-06-01',3992536876.31,2054031434.80,18,'2022-06-25 20:59:45.427607',NULL),
(19,2320923749.07,'IOS Developer','2022-06-30','2022-06-01',0.00,1504764882.76,19,'2022-06-25 20:59:45.472240',NULL),
(20,1589392931.29,'IOS Developer','2022-06-30','2022-06-01',3278162410.38,2332516878.45,20,'2022-06-25 20:59:45.527944',NULL),
(21,2682683245.04,'HR','2022-06-30','2022-06-01',0.00,1920397376.86,21,'2022-06-25 20:59:45.595879',NULL),
(22,3114775647.76,'Account','2022-06-30','2022-06-01',248878103.35,1245337047.63,22,'2022-06-25 20:59:45.662883',NULL),
(23,2146688051.80,'HR','2022-06-30','2022-06-01',2056868338.36,530832047.80,23,'2022-06-25 20:59:45.719690',NULL),
(24,2673018867.48,'Selling','2022-06-30','2022-06-01',3237554208.10,971217007.85,24,'2022-06-25 20:59:45.785250',NULL),
(25,2083864664.09,'OS Developer','2022-06-30','2022-06-01',1779166224.20,1510752579.77,25,'2022-06-25 20:59:45.852393',NULL),
(26,1652510308.14,'Android Developer','2022-06-30','2022-06-01',0.00,1794031835.43,26,'2022-06-25 20:59:45.897973',NULL),
(27,3307469597.53,'Selling','2022-06-30','2022-06-01',0.00,1000747796.80,27,'2022-06-25 20:59:45.953312',NULL),
(28,1497399452.09,'HR','2022-06-30','2022-06-01',2930918345.72,774746901.89,28,'2022-06-25 20:59:46.032160',NULL),
(29,2611928634.75,'Account','2022-06-30','2022-06-01',4945678055.89,1801618103.41,29,'2022-06-25 20:59:46.076139',NULL),
(30,2156694479.06,'.Net Developer','2022-06-30','2022-06-01',3946260122.33,359699014.79,30,'2022-06-25 20:59:46.133416',NULL),
(31,963993355.21,'IOS Developer','2022-06-30','2022-06-01',2720537257.06,1134350951.53,31,'2022-06-25 20:59:46.189481',NULL),
(32,2999905101.14,'PHP Developer','2022-06-30','2022-06-01',0.00,1430144904.12,32,'2022-06-25 20:59:46.267988',NULL),
(33,1550138612.51,'OS Developer','2022-06-30','2022-06-01',0.00,1204801915.83,33,'2022-06-25 20:59:46.371293',NULL),
(34,1712500512.44,'Account','2022-06-30','2022-06-01',228097640.24,602196286.25,34,'2022-06-25 20:59:46.451350',NULL),
(35,1926367245.66,'HR','2022-06-30','2022-06-01',0.00,1453880703.90,35,'2022-06-25 20:59:46.505891',NULL),
(36,2034848002.07,'Markrting','2022-06-30','2022-06-01',0.00,939879799.52,36,'2022-06-25 20:59:46.552055',NULL),
(37,2365509321.36,'IOS Developer','2022-06-30','2022-06-01',0.00,467705442.11,37,'2022-06-25 20:59:46.618515',NULL),
(38,1242854174.51,'PHP Developer','2022-06-30','2022-06-01',2026698834.13,1495357404.64,38,'2022-06-25 20:59:46.685245',NULL),
(39,2359195642.33,'Account','2022-06-30','2022-06-01',1410279407.92,2244559631.33,39,'2022-06-25 20:59:46.719221',NULL),
(40,682270297.71,'Account','2022-06-30','2022-06-01',0.00,2064859828.60,40,'2022-06-25 20:59:46.775697',NULL),
(41,1171462889.48,'OS Developer','2022-06-30','2022-06-01',1546692719.50,776662454.76,41,'2022-06-25 20:59:46.820841',NULL),
(42,1919091842.65,'Account','2022-06-30','2022-06-01',2774836185.62,921030867.62,42,'2022-06-25 20:59:46.887855',NULL),
(43,879503214.40,'HR','2022-06-30','2022-06-01',0.00,1630442966.80,43,'2022-06-25 20:59:46.921279',NULL),
(44,749841161.31,'IOS Developer','2022-06-30','2022-06-01',1775299254.43,2457959638.68,44,'2022-06-25 20:59:46.965937',NULL),
(45,1944674188.22,'.Net Developer','2022-06-30','2022-06-01',0.00,2787588629.68,45,'2022-06-25 20:59:47.011714',NULL),
(46,1257201759.69,'IOS Developer','2022-06-30','2022-06-01',862556843.09,1976242729.65,46,'2022-06-25 20:59:47.067686',NULL),
(47,1012470332.02,'Markrting','2022-06-30','2022-06-01',839461543.96,1537993016.36,47,'2022-06-25 20:59:47.100611',NULL),
(48,2066992107.68,'Account','2022-06-30','2022-06-01',1516249106.80,865645183.55,48,'2022-06-25 20:59:47.269000',NULL),
(49,1972796019.98,'PHP Developer','2022-06-30','2022-06-01',0.00,523515261.59,49,'2022-06-25 20:59:47.323969',NULL),
(50,2364216649.14,'.Net Developer','2022-06-30','2022-06-01',0.00,1859666555.12,50,'2022-06-25 20:59:47.357293',NULL),
(51,2366825862.98,'HR','2022-06-30','2022-06-01',0.00,2385093937.75,51,'2022-06-25 20:59:47.414671',NULL),
(52,984769429.72,'Android Developer','2022-06-30','2022-06-01',0.00,1669911188.97,52,'2022-06-25 20:59:47.470259',NULL),
(53,661050431.43,'Account','2022-06-30','2022-06-01',0.00,2313228480.43,53,'2022-06-25 20:59:47.514778',NULL),
(54,1642626056.53,'.Net Developer','2022-06-30','2022-06-01',131922123.72,2701798848.94,54,'2022-06-25 20:59:47.547717',NULL),
(55,2968438352.15,'OS Developer','2022-06-30','2022-06-01',0.00,372016493.04,55,'2022-06-25 20:59:47.616221',NULL),
(56,1598983517.66,'Account','2022-06-30','2022-06-01',2437075427.65,1175901967.38,56,'2022-06-25 20:59:47.683266',NULL),
(57,2193746245.45,'Selling','2022-06-30','2022-06-01',1975571347.36,498779665.56,57,'2022-06-25 20:59:47.727210',NULL),
(58,1998243132.86,'IOS Developer','2022-06-30','2022-06-01',1145504707.01,553801754.65,58,'2022-06-25 20:59:47.783087',NULL),
(59,2420250848.03,'PHP Developer','2022-06-30','2022-06-01',1374949103.49,2939376951.97,59,'2022-06-25 20:59:47.830675',NULL),
(60,1614242422.42,'.Net Developer','2022-06-30','2022-06-01',1172335515.67,1194699313.39,60,'2022-06-25 20:59:47.885526',NULL),
(61,3106206711.57,'HR','2022-06-30','2022-06-01',0.00,2251249235.07,61,'2022-06-25 20:59:47.920721',NULL),
(62,2200908116.54,'Selling','2022-06-30','2022-06-01',2203790999.99,2053792658.78,62,'2022-06-25 20:59:47.975098',NULL),
(63,2153912320.50,'.Net Developer','2022-06-30','2022-06-01',2304557731.85,2849665224.22,63,'2022-06-25 20:59:48.009319',NULL),
(64,3232729705.45,'Markrting','2022-06-30','2022-06-01',5636983982.54,1438180494.55,64,'2022-06-25 20:59:48.076337',NULL),
(65,736043226.18,'IOS Developer','2022-06-30','2022-06-01',0.00,419630817.54,65,'2022-06-25 20:59:48.143240',NULL),
(66,1041147010.43,'HR','2022-06-30','2022-06-01',1526028695.56,2134392454.67,66,'2022-06-25 20:59:48.176790',NULL),
(67,481680007.59,'HR','2022-06-30','2022-06-01',3888643505.51,345753057.06,67,'2022-06-25 20:59:48.210447',NULL),
(68,3706353927.28,'Selling','2022-06-30','2022-06-01',0.00,719443479.95,68,'2022-06-25 20:59:48.278473',NULL),
(69,1190484674.67,'Selling','2022-06-30','2022-06-01',3748106429.66,1706547226.64,69,'2022-06-25 20:59:48.333792',NULL),
(70,1696011901.09,'Markrting','2022-06-30','2022-06-01',0.00,746958232.63,70,'2022-06-25 20:59:48.367240',NULL),
(71,1281394525.41,'Account','2022-06-30','2022-06-01',1501055268.72,2163459017.86,71,'2022-06-25 20:59:48.412704',NULL),
(72,2734814337.65,'HR','2022-06-30','2022-06-01',1678334083.52,2543078557.20,72,'2022-06-25 20:59:48.502684',NULL),
(73,3251769146.73,'OS Developer','2022-06-30','2022-06-01',0.00,3123473963.01,73,'2022-06-25 20:59:48.547648',NULL),
(74,389519279.39,'Account','2022-06-30','2022-06-01',3455947807.16,1284133621.93,74,'2022-06-25 20:59:48.603424',NULL),
(75,2059022690.75,'Markrting','2022-06-30','2022-06-01',1752112147.01,1287572249.75,75,'2022-06-25 20:59:48.659660',NULL),
(76,1011707032.46,'Android Developer','2022-06-30','2022-06-01',1944277810.89,2084942832.23,76,'2022-06-25 20:59:48.737703',NULL),
(77,2813621684.35,'Account','2022-06-30','2022-06-01',1298244011.49,1413646414.13,77,'2022-06-25 20:59:48.783641',NULL),
(78,2564683435.60,'Selling','2022-06-30','2022-06-01',3479656664.48,1053033602.20,78,'2022-06-25 20:59:48.828176',NULL),
(79,1861327376.71,'PHP Developer','2022-06-30','2022-06-01',1882868245.48,260873770.09,79,'2022-06-25 20:59:48.906584',NULL),
(80,2555083599.07,'Android Developer','2022-06-30','2022-06-01',3335554731.75,1217888352.17,80,'2022-06-25 20:59:48.939925',NULL),
(81,2125414111.18,'IOS Developer','2022-06-30','2022-06-01',1093253605.50,2171237001.50,81,'2022-06-25 20:59:48.986150',NULL),
(82,1660117189.44,'.Net Developer','2022-06-30','2022-06-01',2484140138.45,1505536807.43,82,'2022-06-25 20:59:49.030944',NULL),
(83,911032345.60,'PHP Developer','2022-06-30','2022-06-01',2818399131.56,415796705.81,83,'2022-06-25 20:59:49.087689',NULL),
(84,1392336942.64,'Android Developer','2022-06-30','2022-06-01',445360480.91,2297598146.95,84,'2022-06-25 20:59:49.221756',NULL),
(85,1474922167.95,'PHP Developer','2022-06-30','2022-06-01',0.00,1042341439.94,85,'2022-06-25 20:59:49.265856',NULL),
(86,2594616415.75,'Markrting','2022-06-30','2022-06-01',4882715179.86,2363528215.56,86,'2022-06-25 20:59:49.299545',NULL),
(87,1336662542.48,'Markrting','2022-06-30','2022-06-01',628218027.25,835482984.18,87,'2022-06-25 20:59:49.355724',NULL),
(88,494133380.45,'PHP Developer','2022-06-30','2022-06-01',1449214064.02,2243346308.43,88,'2022-06-25 20:59:49.389220',NULL),
(89,2183443451.07,'Selling','2022-06-30','2022-06-01',136593036.46,2038154432.41,89,'2022-06-25 20:59:49.445407',NULL),
(90,1728032779.86,'.Net Developer','2022-06-30','2022-06-01',662894024.39,2061744659.38,90,'2022-06-25 20:59:49.490231',NULL),
(91,3225470128.36,'OS Developer','2022-06-30','2022-06-01',0.00,1857470986.47,91,'2022-06-25 20:59:49.535733',NULL),
(92,1348019192.18,'PHP Developer','2022-06-30','2022-06-01',0.00,2464652176.65,92,'2022-06-25 20:59:49.579735',NULL),
(93,892588400.79,'PHP Developer','2022-06-30','2022-06-01',1316270972.60,1295483669.86,93,'2022-06-25 20:59:49.636145',NULL),
(94,1793226863.22,'Android Developer','2022-06-30','2022-06-01',673619840.54,3327438971.72,94,'2022-06-25 20:59:49.680835',NULL),
(95,1932350979.37,'Account','2022-06-30','2022-06-01',744193890.37,1505914527.25,95,'2022-06-25 20:59:49.740348',NULL),
(96,1477214544.29,'Selling','2022-06-30','2022-06-01',2252871254.51,2025423479.07,96,'2022-06-25 20:59:49.826362',NULL),
(97,1610112346.50,'Android Developer','2022-06-30','2022-06-01',0.00,743542183.23,97,'2022-06-25 20:59:49.883220',NULL),
(98,960567368.40,'Selling','2022-06-30','2022-06-01',0.00,2625623756.61,98,'2022-06-25 20:59:49.949593',NULL),
(99,728530383.53,'IOS Developer','2022-06-30','2022-06-01',781237423.99,1244469408.37,99,'2022-06-25 20:59:49.983342',NULL),
(100,2107579965.58,'Account','2022-06-30','2022-06-01',0.00,690104886.27,100,'2022-06-25 20:59:50.039416',NULL),
(101,2675693672.70,'PHP Developer','2022-06-30','2022-06-01',2122459909.10,1843963854.18,101,'2022-06-25 20:59:50.117589',NULL),
(102,604502684.22,'Android Developer','2022-06-30','2022-06-01',1672185311.61,1711144623.40,102,'2022-06-25 20:59:50.151145',NULL),
(103,664388194.90,'HR','2022-06-30','2022-06-01',260215666.61,3162070129.19,103,'2022-06-25 20:59:50.184816',NULL),
(104,2198170349.93,'.Net Developer','2022-06-30','2022-06-01',0.00,1173408099.42,104,'2022-06-25 20:59:50.229843',NULL),
(105,1352370557.96,'Android Developer','2022-06-30','2022-06-01',2946261279.62,275163626.08,105,'2022-06-25 20:59:50.263486',NULL);
/*!40000 ALTER TABLE `payslips` ENABLE KEYS */;
UNLOCK TABLES;

--
-- Table structure for table `projects`
--

DROP TABLE IF EXISTS `projects`;
/*!40101 SET @saved_cs_client     = @@character_set_client */;
/*!40101 SET character_set_client = utf8 */;
CREATE TABLE `projects` (
  `id` bigint(20) NOT NULL AUTO_INCREMENT,
  `name` varchar(255) COLLATE utf8mb4_unicode_ci DEFAULT NULL,
  `email` varchar(255) COLLATE utf8mb4_unicode_ci DEFAULT NULL,
  `start_date` date DEFAULT NULL,
  `end_date` date DEFAULT NULL,
  `created_on` datetime(6) DEFAULT NULL,
  `updated_on` datetime(6) DEFAULT NULL,
  PRIMARY KEY (`id`),
  UNIQUE KEY `UK_1e447b96pedrvtxw44ot4qxem` (`name`)
) ENGINE=InnoDB AUTO_INCREMENT=7 DEFAULT CHARSET=utf8mb4 COLLATE=utf8mb4_unicode_ci;
/*!40101 SET character_set_client = @saved_cs_client */;

--
-- Dumping data for table `projects`
--

LOCK TABLES `projects` WRITE;
/*!40000 ALTER TABLE `projects` DISABLE KEYS */;
INSERT INTO `projects` VALUES
(1,'Hack My Route','maps-proj@payroll.com','2022-04-01',NULL,'2022-06-25 20:59:33.185132',NULL),
(2,'CSV to JSON','csv-to-json-proj@payroll.com','2022-04-01',NULL,'2022-06-25 20:59:33.209660',NULL),
(3,NULL,'csv-cleaner-proj@payroll.com','2022-04-01',NULL,'2022-06-25 20:59:33.211271',NULL),
(4,'Numerical Libraries','numerical-libs-proj@payroll.com',NULL,NULL,'2022-06-25 20:59:33.321245',NULL),
(5,'Computerization','computerization-proj@payroll.com',NULL,NULL,'2022-06-25 20:59:33.325389',NULL),
(6,'Reorganization','reorganization-proj@payroll.com',NULL,NULL,'2022-06-25 20:59:33.329338',NULL);
/*!40000 ALTER TABLE `projects` ENABLE KEYS */;
UNLOCK TABLES;

--
-- Table structure for table `qualifications`
--

DROP TABLE IF EXISTS `qualifications`;
/*!40101 SET @saved_cs_client     = @@character_set_client */;
/*!40101 SET character_set_client = utf8 */;
CREATE TABLE `qualifications` (
  `employee_id` bigint(20) NOT NULL,
  `school` varchar(255) COLLATE utf8mb4_unicode_ci DEFAULT NULL,
  `qualification_awarded` varchar(255) COLLATE utf8mb4_unicode_ci DEFAULT NULL,
  `date_completed` date DEFAULT NULL,
  KEY `FKbibs815krjfu57u6idulhqn63` (`employee_id`),
  CONSTRAINT `FKbibs815krjfu57u6idulhqn63` FOREIGN KEY (`employee_id`) REFERENCES `employees` (`id`)
) ENGINE=InnoDB DEFAULT CHARSET=utf8mb4 COLLATE=utf8mb4_unicode_ci;
/*!40101 SET character_set_client = @saved_cs_client */;

--
-- Dumping data for table `qualifications`
--

LOCK TABLES `qualifications` WRITE;
/*!40000 ALTER TABLE `qualifications` DISABLE KEYS */;
/*!40000 ALTER TABLE `qualifications` ENABLE KEYS */;
UNLOCK TABLES;

--
-- Table structure for table `roles`
--

DROP TABLE IF EXISTS `roles`;
/*!40101 SET @saved_cs_client     = @@character_set_client */;
/*!40101 SET character_set_client = utf8 */;
CREATE TABLE `roles` (
  `id` bigint(20) NOT NULL AUTO_INCREMENT,
  `name` varchar(40) COLLATE utf8mb4_unicode_ci NOT NULL,
  `description` varchar(150) COLLATE utf8mb4_unicode_ci NOT NULL,
  `created_on` datetime(6) DEFAULT NULL,
  `updated_on` datetime(6) DEFAULT NULL,
  PRIMARY KEY (`id`),
  UNIQUE KEY `UK_ofx66keruapi6vyqpv6f2or37` (`name`)
) ENGINE=InnoDB AUTO_INCREMENT=3 DEFAULT CHARSET=utf8mb4 COLLATE=utf8mb4_unicode_ci;
/*!40101 SET character_set_client = @saved_cs_client */;

--
-- Dumping data for table `roles`
--

LOCK TABLES `roles` WRITE;
/*!40000 ALTER TABLE `roles` DISABLE KEYS */;
INSERT INTO `roles` VALUES
(1,'Admin','Manages every thing, add or remove employees, departments and projects','2022-06-26 17:41:02.124787',NULL),
(2,'User','Get information about employees or departments','2022-06-26 17:42:09.783092',NULL);
/*!40000 ALTER TABLE `roles` ENABLE KEYS */;
UNLOCK TABLES;

--
-- Table structure for table `users`
--

DROP TABLE IF EXISTS `users`;
/*!40101 SET @saved_cs_client     = @@character_set_client */;
/*!40101 SET character_set_client = utf8 */;
CREATE TABLE `users` (
  `id` bigint(20) NOT NULL AUTO_INCREMENT,
  `email` varchar(128) COLLATE utf8mb4_unicode_ci NOT NULL,
  `password` varchar(64) COLLATE utf8mb4_unicode_ci DEFAULT NULL,
  `salt` varchar(255) COLLATE utf8mb4_unicode_ci DEFAULT NULL,
  `first_name` varchar(64) COLLATE utf8mb4_unicode_ci NOT NULL,
  `last_name` varchar(64) COLLATE utf8mb4_unicode_ci NOT NULL,
  `created_on` datetime(6) DEFAULT NULL,
  `updated_on` datetime(6) DEFAULT NULL,
  PRIMARY KEY (`id`),
  UNIQUE KEY `UK_6dotkott2kjsp8vw4d0m25fb7` (`email`)
) ENGINE=InnoDB AUTO_INCREMENT=2 DEFAULT CHARSET=utf8mb4 COLLATE=utf8mb4_unicode_ci;
/*!40101 SET character_set_client = @saved_cs_client */;

--
-- Dumping data for table `users`
--

LOCK TABLES `users` WRITE;
/*!40000 ALTER TABLE `users` DISABLE KEYS */;
INSERT INTO `users` VALUES
(1,'admin@payroll.com','$2a$10$FWIeqcgZUQ28CtcpSKMm7ukrV7c85PnlQx9Ml2oNoBZv7ILPDaNp6',NULL,'Admin','User','2022-06-26 17:58:29.732982',NULL);
/*!40000 ALTER TABLE `users` ENABLE KEYS */;
UNLOCK TABLES;

--
-- Table structure for table `users_roles`
--

DROP TABLE IF EXISTS `users_roles`;
/*!40101 SET @saved_cs_client     = @@character_set_client */;
/*!40101 SET character_set_client = utf8 */;
CREATE TABLE `users_roles` (
  `user_id` bigint(20) NOT NULL,
  `role_id` bigint(20) NOT NULL,
  PRIMARY KEY (`user_id`,`role_id`),
  KEY `FKj6m8fwv7oqv74fcehir1a9ffy` (`role_id`),
  CONSTRAINT `FK2o0jvgh89lemvvo17cbqvdxaa` FOREIGN KEY (`user_id`) REFERENCES `users` (`id`),
  CONSTRAINT `FKj6m8fwv7oqv74fcehir1a9ffy` FOREIGN KEY (`role_id`) REFERENCES `roles` (`id`)
) ENGINE=InnoDB DEFAULT CHARSET=utf8mb4 COLLATE=utf8mb4_unicode_ci;
/*!40101 SET character_set_client = @saved_cs_client */;

--
-- Dumping data for table `users_roles`
--

LOCK TABLES `users_roles` WRITE;
/*!40000 ALTER TABLE `users_roles` DISABLE KEYS */;
INSERT INTO `users_roles` VALUES
(1,1);
/*!40000 ALTER TABLE `users_roles` ENABLE KEYS */;
UNLOCK TABLES;
/*!40103 SET TIME_ZONE=@OLD_TIME_ZONE */;

/*!40101 SET SQL_MODE=@OLD_SQL_MODE */;
/*!40014 SET FOREIGN_KEY_CHECKS=@OLD_FOREIGN_KEY_CHECKS */;
/*!40014 SET UNIQUE_CHECKS=@OLD_UNIQUE_CHECKS */;
/*!40101 SET CHARACTER_SET_CLIENT=@OLD_CHARACTER_SET_CLIENT */;
/*!40101 SET CHARACTER_SET_RESULTS=@OLD_CHARACTER_SET_RESULTS */;
/*!40101 SET COLLATION_CONNECTION=@OLD_COLLATION_CONNECTION */;
/*!40111 SET SQL_NOTES=@OLD_SQL_NOTES */;

-- Dump completed on 2022-06-26 20:32:49
